FDA|||-5687393335560805413
FDA|||-7490518862633640399
FDA|||6832206304795914337
Johns Hopkins Bloomberg School of Public Health|||-1616743611352036647
NYTimes|||7482492390831520725
NYTimes|||8852046528281386167
NYTimes|||-1893725387490314900
NYTimes|||-7737198303263918362
NYTimes|||6662440021395695134
NYTimes|||4336328733853324687
NYTimes|||784105940445824734
NYTimes|||5998398444194634856
NYTimes|||2132649645863095434
NYTimes|||-5615423503328266215
NYTimes|||-647545029460885205
National Foundation for Infectious Diseases|||-2646181383347942499
CNN|||9024982692674410775
CNN|||-5882469004952887749
Center for Disease Control and Prevention (CDC)|||-6163222829734154068
FloridaGov|||1724745344411893380
FloridaGov|||5627848928559791246
FloridaGov|||9192891754227942452
Cleveland Clinic|||-4835155908215336693
Cleveland Clinic|||-8408623890784117523
Cleveland Clinic|||-3070971987408018610
Cleveland Clinic|||-5311706052723284038
Cleveland Clinic|||4665045004617105902
Cleveland Clinic|||-1628579495829862271
Public Health Agency of Canada|||8119883752797566312
Public Health Agency of Canada|||-901579797770068090
Public Health Agency of Canada|||297988562654301366
Public Health Agency of Canada|||-6231170148155178993
Public Health Agency of Canada|||5018630998449922555
Public Health Agency of Canada|||1832535279191193134
Public Health Agency of Canada|||-6966048258424270666
Public Health Agency of Canada|||4486444542905965185
